url,False
http://www.watchesbestdeals.com,True
http://www.paginasamarillasec.com,False
http://www.wikipost.ga,False
http://www.adbagency.com,False
http://www.wholesale-s9vvdm0d.ga/cgi-sys/defaultwebpage.cgi,False
http://pinktradition.blogspot.com/,False
http://www.ovianet.com,False
http://www.fashionpress.it,False
http://www.garage-autodep.com,True
http://brujas.nyc/,False
http://www.radiounumanele.com,False
http://nibiru.com.hk/,False
http://www.noobn6.com,False
http://www.26312607.com,False
http://watcheswe.blogspot.com/,False
https://rosetteismyname.wordpress.com/,False
https://www.inwonderland.co/,False
http://scarecrow-prez.blogspot.com/,False
http://imusttravel.ca/,False
https://www.allboatsavenue.com/,False
http://jollymagazine.com/,False
http://www.watchdodo.com,False
http://www.mycorner.fr,False
http://www.microwinner.cn,False
http://www.shelbyvillemonument.com,False
https://schullin.at/,False
http://www.passage-projects.com,False
http://www.sss.style-tips.com,False
https://thejewelleryinsider.net/,False
http://balili.com.ua/,False
http://timelesspiece.eu/,False
http://goedkoophublotbigbangking.blogspot.com/,False
http://www.andrea-casanova.com,False
http://www.cantinamundo.fr,False
http://www.escolavitae.com,False
http://modne-hodinky.blogspot.com/,False
http://www.borsetta-channel.com,False
http://www.iskraufa.ru,False
http://dreamworks.wikia.com/wiki/DreamWorks_Wiki,False
http://www.chrysalischarters.com,False
http://artglassstudio.com.au/,False
http://libertop.ru/,False
http://www.zscjmy.com.cn,False
http://www.cinemanet.info,False
http://www.vinshop24.ru,False
http://www.melanielyon-ramonescobosa.com,False
http://elare.pl/,False
http://www.pwindata.com,False
http://www.lesyzbiroh.cz/en/,False
http://www.hbzczb.cn,False
http://www.aidid.cn,False
http://www.vogue.com.tw,False
http://kusamivn.com/en/,False
http://www.watch-sale-stok.ru,False
http://www.paginasdigital.es/v_portal/apartados/apartado.asp,False
http://www.blog.miya1975.com,False
http://www.time-brend.ru,False
http://www.filmpunkten.se,False
http://www.zeleb.mx,False
http://www.pforpieces.com,False
http://www.cassettiorologi.it,False
http://www.sikashop.avablog.ir,False
http://www.industry-75iitbwp.ga/cgi-sys/defaultwebpage.cgi,False
http://www.chanel.52watch.com,False
http://archyworldys.com/,False
http://www.393edu.org,False
http://www.catwalkkitty.co.uk,False
http://izzaf.livejournal.com/,False
http://hangye.baike.com,False
http://www.ctkcathedral.org,False
http://sieuthidonghohieu.com/,False
http://odadonna.xyz/,False
http://www.indidi.co.uk,True
http://www.londonmonumentco.com,False
http://www.videoartis.xyz,False
http://www.mickspizzeria.com,False
https://fakechanelwatchesj12.wordpress.com/,False
http://www.zbw666.com,False
http://www.za-st.ru,False
http://www.laridon.fr,False
https://www.guitar.co.uk/,False
http://michaelkorscase.tumblr.com/,False
http://becksmithhollywood.com/,False
http://www.hauteinhabit.com,False
http://www.irsaindiana.org,False
http://www.cronememorials.com,False
http://ssandt.org/,False
http://www.watchsupercopy.com,True
http://hehdesigns.tumblr.com/,False
http://www.filmski.net,False
http://yu14913.pixnet.net/blog,False
http://lescarnetsdaurelia.com/,False
http://www.trianglekiosk.com,False
http://articleshost.com/,False
http://radiantglamor.com/,False
http://www.baidu.com,False
http://bameshi.com/,False
http://world-of-pany.blogspot.com/,False
http://gold110.jp/,False
http://www.noobj12fk.com,False
http://www.yuepai.wang,False
http://god2016m.ru/,False
http://www.replicadictionary.com,False
http://nonidesign.over-blog.com/,False
http://www.shops-phone.com,False
http://www.apurseforum.com,False
http://www.fashionenews.com,False
http://www.price-chanel.52watch.com,False
http://luxeglobal.com/,False
https://www.filmreviewonline.com/,False
http://www.ckbabes.com,False
http://www.zipe.fr,False
http://www.sistime.ru,False
http://www.zwxbar.com/,False
http://elmstrom.blogg.se/,False
http://enlightenedage.blogspot.com/,False
http://www.universalwristwatch.com,False
http://www.trendingsale.com,True
http://www.arsip.forumbebas.com,False
http://www.chupsanpham.com.vn,False
http://www.codedwap.ng/,False
http://dontbalkbaseballshop.com/,False
http://www.smelink.se,False
https://premiertaxfree.cn/,False
http://www.thecooluxury.com,False
http://www.philippebanks.com,True
https://digixstreamusa.com/,True
http://www.joyeriasaneloy.com,False
http://www.santroxshop.com,False
http://www.buy-8511.ir,False
https://de5igner.myshopify.com/,True
http://www.filmering.at,False
http://opera-kinbido.com/,False
https://digiala.ir/,False
http://www.sveg.org.cn,False
http://channel2.hitsale.net/,False
http://www.chanel--outlet.com,True
http://www.trc.vg,False
http://www.chanel1.best-gooods.ru,False
http://festivalofflavour.com.au/,False
http://www.bjr027.com,False
http://www.croatia-stuttgart.de,False
http://www.planbet.es,False
http://elenka.ru/,False
http://www.thestchristopherschool.co.uk,False
http://www.1designfree.com,False
https://carnabysjewellers.co.uk/,False
http://javanmedia.ir/,False
https://papote.net/,False
http://www.film.it,False
http://www.879wr.com,True
http://online.abacus.coop/ca/,False
http://alerttrainers.com/,False
http://eleanor1011.pixnet.net/blog,False
http://www.jvnan.com,False
http://www.supa-kopi-cartier.com,False
http://www.nasimvideo.ir,False
http://www.masterenfilosofia.com/,False
http://kairosstore.com/wp/,False
http://www.shopsearchs.com,False
http://www.thecccinc.org,False
https://lahummatbayli.com/,False
http://www.exspace.pl,False
http://www.racketlon.at,False
http://nexfilm.ir/,False
http://wer3414.pixnet.net/blog,False
http://www.situartes.es,False
http://www.scubafroggy.fr,False
http://www.rahatkharid.ir,False
http://www.tylerchoi8.mall.yorkbbs.ca,False
http://nicolelmedia.blogspot.com/,False
http://anhnghethuathanoi.blogspot.com/,False
http://www.interviewrussia.ru,False
https://www.facebook.com/,False
http://www.thamgia.net,False
http://afzone.blog.ir/,False
http://bestseller.in.ua/,False
https://bevalenteoficial.wordpress.com/,False
http://www.luotuohuwai.org,False
http://www.vntourism.cn,False
http://www.mvnvh.com,False
http://www.jyhhdp.com/defull.php,False
http://www.mydarlinglife.com,False
https://www.cchere.com/,False
http://www.kiemtoan.com.vn,False
http://www.debajodelreloj.com,False
http://www.trajly.cz,False
http://www.zijin.mall.yorkbbs.ca,False
http://www.nuangnuang.com/,False
http://ika-mode.pinger.pl,False
http://www.tedxmontevideo.org,False
http://www.xikili.com,False
http://monicatlmh03.pixnet.net/blog,False
http://www.orologisvizzeri.com,False
https://tomucho.com/,False
http://blog.fc2.com/,False
http://interbag.com.ua/,False
http://aj12watch.com/,False
http://robotclass.ru/,True
http://supershoppingmaster.blogspot.com/,False
http://www.chanel-stok.ru,False
http://thedarlingdetails.blogspot.com/,False
http://top-optom.ru/,False
https://www.lofficiel.vn/,False
http://www.stilvagoon.com,False
http://www.boswellmonuments.com,False
http://arcashop.ir/,False
http://www.playen3.indexbuzz.net,False
http://www.lkbkspro.eiger-agency.lookbooks.me,False
http://www.prosupportsystems.com,False
http://www.watchesforwomen.co.uk,False
http://www.copy59.com,False
http://homeminimalis.com/,False
http://www.swisswatchesreviews.com,False
http://www.zjahhj.com,False
http://www.watchespedia.com,False
http://www.houmania.com,False
http://www.hkeasychat.com,False
http://www.0202003.com,False
http://channel2.shopsale.pro/,False
http://smartshopity.co.uk/,False
http://www.imoyo.com.cn,True
http://www.worldscreen.com.tw,False
http://www.caronmemorial.com,False
http://ballerwatches.com/,False
http://4star.niloblog.com/,False
http://www.wealthisme.com,False
http://www.art-quest.ru,False
http://www.semadihuancayo.com,False
http://hdwon.com/,False
http://agreellen.pixnet.net/blog,False
http://www.easy2dial.in/,False
http://www.watchesuser.com,False
http://xn--80a8aqs.xn--80aoh.xn--b1amgoeo.com/,False
http://www.crocuscitymall.ru/news/,False
http://www.luxuryauthentichandbags.eu/,False
http://musicca.men/,False
http://www.bagll.net,False
http://akimoto-rie.blogspot.com/,False
http://www.ictf2016.ieice-europe.org,False
http://1001dicas.net/,False
http://www.xjywx.com,False
http://ibieshop2.blogspot.com/,False
http://pinkribbonbreakfast.at/,True
http://www.ouxiangpai.com,False
http://www.gugo.info,False
http://claxfactor.blogspot.com/,False
http://www.handbagshows.site,False
http://copykate.blogspot.com/,True
http://ceasuri.shop/,False
http://www.usnavycrew.com,False
http://www.sunwardflag.com,False
http://luxgroupltd.ru/,False
http://www.wishesjewelry.net,False
http://www.ouietconsequences.fr,False
http://www.kulthit.de,False
http://blakfacts.blogspot.com/,False
http://www.bestwatchesdeals.co,False
http://thepoolscene.com/,True
http://www.dbhr.bid,False
http://www.gmt2013.com,False
https://vintagevicar22.wordpress.com/,False
http://www.ebay.com,False
http://www.009520.com,False
http://www.waltzingm.com,False
http://kafgroup.se/,False
http://mylino.ir/,False
http://www.bagnopiero.it,False
http://xca351.pixnet.net/blog,False
http://www.zhhbds.com,False
http://www.pellegrin-et-fils.com,False
https://www.ccthere.com/,False
http://www.flowers.cheerclassics.com,False
http://www.lofficielmalaysia.com,False
http://www.ictf2015.ieice-europe.org,False
https://www.weilai178.com/,False
http://www.icon-icon.fr/fr,False
https://www.spielegasse.de/,False
https://achicdirection.com/,False
http://www.embassy.ch/en/home/,False
http://www.lifestyleagent.nl,True
http://kristenfilm.com/,False
http://www.kompas4.ru,False
http://www.rossettoeguai.it,False
http://www.1chanel.2015brend.ru,False
http://www.nacd.co.uk,False
https://cacheepr.wordpress.com/,False
http://dcscam.com/,False
https://www.stefanie-stoelting.de/,False
http://www.thegioicauca.com,False
http://thelibrarygroup.be/,False
http://reluxe.ca/,False
http://xn--80aalbng9atkk.xn--p1ai/,False
http://www.backstagetales.com,False
http://www.dandasmetals.mall.yorkbbs.ca,False
http://parentpreviews.com/,False
http://www.cheapchanelsale2015.com,False
http://fashionbrand.org/,True
http://hollfelder.de/,True
http://www.chaneltokeikaitori.com,False
https://www.innateskin.com/,False
http://melnandutmacammanalagi.blogspot.com/,False
http://www.xayxbj.com/default.php,False
http://blog.fc2.com/,False
http://uhren-swiss-rolex-daytona-hot.blogspot.com/,False
http://www.luxshery.com,False
http://www.so-copy.com,False
http://www.xintuosc.com,False
http://www.copy016.com,False
http://www.lexingtongraniteco.com,False
http://www.xn--22cej8ezaasjc5ef5fgbb5bycxovcjo.com,False
http://fullhd-roliki.ru/,False
http://infos-75.com,False
http://www.gapwet.xyz,False
http://www.bluray-disc.de,False
http://projetoempreendedor.com/,False
http://www.rb-triangle.sakura.ne.jp,False
https://slashitmag.com/,False
http://www.wwwm.com.tw,False
http://cinemerida.blogspot.com/,False
http://www.fashionwatchesshop.eu,False
https://fanaticsworldwide.com/,False
http://www.spzswang.com,True
http://www.shopmenow.blogsky.com,False
http://www.labutaca.net,False
http://www.hnpcorp.net,False
http://nostime.com/main/main.do,False
http://www.sandau.edu.cn,False
http://www.chanelsonlineshop.de,False
http://know-it-ebog.dk/,False
http://www.gallaghermonuments.com,False
http://www.gabris.eoldal.hu,False
http://www.daytonarolex.top,False
http://lombard-premium.com.ua/,False
http://www.louisvuittonreplicabag.com,False
http://www.swiss-luxe24.ru,False
http://fyndson.se/,False
http://www.parkciftlik.com,False
http://ovum.org.pl/,False
http://www.monpetitvendome.fr,False
http://kalashop.niloblog.com/,False
http://www.cineclub.de,False
http://www.dicasdefilmes.com.br,False
https://www.kinbido.info/,False
http://www.m.ddtfsb.com/default.php,False
http://ujh51jz16a.pixnet.net/blog,False
http://vloggest.com/,False
http://www.customjewelrymare.com,False
http://www.mdh-vip.com,False
http://www.pinky-st.skr.jp,False
http://barpaly.com/,False
http://www.paulineferrari.com,False
http://www.zaloro.com,False
http://bdalbum.com/,False
http://www.teafor.xyz,False
https://homegallerystores.com/,True
http://www.davids-deco.com,False
http://www.bursamusik.dfakemp3.com,False
https://gpdingunut.wordpress.com/,False
http://www.embroiderybella.com,False
https://gift5star.com/,False
http://www.niwotashow.com,False
http://hairstyleday.blogspot.com.ng/,False
http://mapeli.com/,False
http://www.1stcopychanelflapbags.com,False
http://kanaja.in/,False
http://www.shopjpk7.com,True
http://www.tos.shabri.ru,False
http://www.luxurystation.vn,False
http://psimovie.com/,False
http://www.xzsbzx.com/defull.php,False
http://joseweb.webr.ly/,False
http://www.gzmb99.com,False
http://www.japex.ru,False
http://hittovar24.blizko.ru/,False
http://www.hangaysaat.com,False
http://catwalkkitty.blogspot.com/,False
http://www.topthingz.com,False
http://www.harpersbazaar.pl,False
https://www.luxurymarkets.com/,False
http://rossmanning.com/,False
http://www.europa-gold-paris.com,False
http://www.freakcart.com,False
http://www.begmarkq.cf,False
http://wer3413.pixnet.net/blog,False
http://wefs125.pixnet.net/blog,False
http://www.timezite.com,False
http://www.rodlme.com,False
http://www.goud-smederij.nl,False
http://www.bagfashionews.com,False
http://www.myembroideryfree.com,False
http://www.rolexwatchesforsale.top,True
http://sikashop.ir/,False
http://kalaashop.javanblog.ir/,False
http://www.m.imaginea.info,False
http://sfanytime.com/sv-SE/,False
http://www.ddtfsb.com/default.php,False
http://www.zbkb.com,False
,False
