url,description
http://www.watchesbestdeals.com,Luxury Watches for less ! Wide selection of Luxury Watches and Accessories.
http://www.paginasamarillasec.com,
http://www.wikipost.ga,
http://www.adbagency.com,Angela De Bona Agency New York · London · Paris. Artists & Talent Representative + Production · Casting · Creative · Advertising · Events. Since 1985. 
http://www.wholesale-s9vvdm0d.ga/cgi-sys/defaultwebpage.cgi,
http://pinktradition.blogspot.com/,
http://www.ovianet.com,
http://www.fashionpress.it,"Fashion Press, magazine brings the world of international fashion home. The best fashion, beauty and culture, fashion film, runway slideshows and editorials"
http://www.garage-autodep.com,"Truly, finding a auto repair shop is quite easy but not all repair shops are equipped with the knowledge and skills needed to provide the proper repair, care"
http://brujas.nyc/,
http://www.radiounumanele.com,
http://nibiru.com.hk/,"There will always be a desire for something new, fresh and innovative, as well as a yearning and respect for timeless elegance and beauty."
http://www.noobn6.com,"一比一手錶訂購，1：1仿表，精仿手錶，高仿錶， 高仿手錶購物網站，N廠手錶/官網，jf廠,KW廠,MK廠 ZF廠,香港1比1手錶，n廠，高仿錶圖片，高仿錶價格，1:1手裱,瑞士机心手表,廣州站西鐘錶城批发,深圳罗湖鐘錶批發市場_1比1手錶,香港高仿手錶網_臺灣超A一比一手錶_3a手錶,澳門高仿勞力士批發,新加坡高仿手錶批發,馬來西亞5A高仿錶,加拿大高仿錶，澳大利亚高仿錶,文莱高仿表，台灣NOOB手表工廠,臺灣高仿手錶批發【一比一勞力士高仿表】【高仿愛彼3A】【超A沛納海高仿表】【N厂116610水鬼V7s】【N厂沛纳海111高仿表】JF厂爱彼高仿表 AP】【N厂rolex116660黑鬼王】香港1比1手錶商城：[N廠愛彼手錶][N廠PANERAI手錶][N廠勞力士手錶] AP愛彼熊猫手錶 JF廠][沛納海手錶 ZF廠][116655勞力士手錶 JF廠]【葡七 ZF廠】【ZF廠 panerai】【rloex 116622 N廠116500】精仿noob廠V7手錶官網, 最好的仿表，仿得最真的,香港一比一手表商场"
http://www.26312607.com,
http://watcheswe.blogspot.com/,
https://rosetteismyname.wordpress.com/,Just another WordPress.com weblog
https://www.inwonderland.co/,"Film Review covers both the best movies and hot tv shows. Our journalists bring you on set star interviews and reviews. PLUS Trailers, Clips and videos."
http://scarecrow-prez.blogspot.com/,
http://imusttravel.ca/,
https://www.allboatsavenue.com/,"Info Nautisme au quotidien sur PC, tablettes et smartphones. Actualités et évènements sur tout ce qui navigue et sur le style de vie des plaisanciers."
http://jollymagazine.com/,"JollyWoman Magazin je vodič kroz sve aktuelnosti ženskog uma i života. Na svojstven način nasmejaće vas, naučiti, informisati"
http://www.watchdodo.com,
http://www.mycorner.fr,"Chaussures de tennis,Vêtements,Chanel Montres,Sneakers,Coco Sacs de qualité supérieure Nouvelles Arrivée Vous obtiendrez Chanel Montres Livraison rapide dans le monde entier."
http://www.microwinner.cn,
http://www.shelbyvillemonument.com,
https://schullin.at/,"Handgefertigte Schmuckstücke in höchster Qualität seit 1802. EU-weit versandkostenfreie Lieferung. Entdecken Sie SCHULLIN Graz, Klagenfurt, Velden, Zürs."
http://www.passage-projects.com,
http://www.sss.style-tips.com,"style.com, 時裝雜誌, 時裝展, fashion magazine, fashion news, fashion show, beauty, beauty blog, makeup, beauty forum, 化妝, 健康, fashion blogger, style tips"
https://thejewelleryinsider.net/,
http://balili.com.ua/,"Balili ➨ Интернет-салон женской одежды, парфюмерии и аксессуаров. ❤ Бесплатная доставка ❤ 100% Оригинальная продукция - Звоните ☎ (066) 27 00 522 ☎ (098) 07 17 417 "
http://timelesspiece.eu/,
http://goedkoophublotbigbangking.blogspot.com/,
http://www.andrea-casanova.com,
http://www.cantinamundo.fr,"Sac chanel pas cher soldes france en ligne avec derniers modèles, nouveau design, emballage d'origine, la livraison gratuite sur toutes les commandes!"
http://www.escolavitae.com,Ciclos Formativos - Cicles Formatius Barcelona: L'Escola Vitae és un centre privat de Formació Professional de grau mig i superior. Preparem Oposicions
http://modne-hodinky.blogspot.com/,
http://www.borsetta-channel.com,"Qui informazioni di alta qualità Chanel, replica orologio Chanel J12 e replica borsa Chanel ottenuti attraverso i canali legittimi."
http://www.iskraufa.ru,
http://dreamworks.wikia.com/wiki/DreamWorks_Wiki,The DreamWorks Wiki is a fan site and is in no way affiliated with the full credentials of the...
http://www.chrysalischarters.com,Chrysalis Charters - Charter Fishing on Lake Ontario
http://artglassstudio.com.au/,
http://libertop.ru/,
http://www.zscjmy.com.cn,"网上赌球是亚洲波音平台公司官方提供最新娱乐游戏平台稳固安全,网上赌球是值得信任的娱乐品牌正规经营值得信赖,真人真钱游戏欢迎保证24小时为您提优质服务!"
http://www.cinemanet.info,"CinemaNet es una Asociación sin ánimo de lucro dedicada a la promoción de los valores humanos, familiares, cívicos, sociales y educativos en el cine."
http://www.vinshop24.ru,Распродажа часов по всей России! Скидка 70% на весь каталог! На вторые часы скидка 1000 руб! Успейте купить!
http://www.melanielyon-ramonescobosa.com,
http://elare.pl/,Kobiecy blog
http://www.pwindata.com,Hacked By Kazi Shaheb
http://www.lesyzbiroh.cz/en/,Colloredo-Mannsfeld Zbiroh  - official homepage.
http://www.hbzczb.cn,
http://www.aidid.cn,
http://www.vogue.com.tw,"關於時尚，VOGUE說了算！台灣第一名的美妝時尚網站，最新的時尚新聞、美容新知、珠寶腕錶、明星穿搭、旅遊展覽、美食餐廳、星座運勢、娛樂新聞,時尚影音都在VOGUE時尚網"
http://kusamivn.com/en/,
http://www.watch-sale-stok.ru,
http://www.paginasdigital.es/v_portal/apartados/apartado.asp,
http://www.blog.miya1975.com,
http://www.time-brend.ru,Распродажа наручных часов со Скидка 70% на весь каталог! На вторые часы скидка 1000 руб! Успейте купить!
http://www.filmpunkten.se,
http://www.zeleb.mx,Las noticias de las celebrities con todos los detalles sobre sus vidas. En Zeleb encontrarás las últimas noticias de las celebrities de moda
http://www.pforpieces.com,
http://www.cassettiorologi.it,
http://www.sikashop.avablog.ir, - فروشگاه اینترنتی | سیکا شاپ
http://www.industry-75iitbwp.ga/cgi-sys/defaultwebpage.cgi,
http://www.chanel.52watch.com,爱表网官网 
http://archyworldys.com/,
http://www.393edu.org,
http://www.catwalkkitty.co.uk,
http://izzaf.livejournal.com/,
http://hangye.baike.com,中国行业百科是互动百科(全球最大的中文百科网站)基于各行各业无限细分的知识体系建设的百科开放平台。三百六十行、行行有百科，行业百科开放平台欢迎您合作共赢。
http://www.ctkcathedral.org,Christ the King Cathedral of the Roman Catholic Diocese of Lubbock
http://sieuthidonghohieu.com/,
http://odadonna.xyz/,Trovare e leggere le recensioni una grande selezione di orologi da donna
http://www.indidi.co.uk,"Best Cheap Quality Rolex, Breitling, Omega, Tag Heuer, Replica Watches For Sale, Swiss AAA+ Replica Breitling Watches UK Online."
http://www.londonmonumentco.com,
http://www.videoartis.xyz,"Free Watch the Latest News Video Clips, World News Video Clips, Breaking News clip Online From Videoartis.xyz"
http://www.mickspizzeria.com,
https://fakechanelwatchesj12.wordpress.com/,replica chanel j12
http://www.zbw666.com,
http://www.za-st.ru,"новости hi-tech, lifestyle, software, creative. Высокие технологии, дизайн, кино, музыка, мода, спорт, архитектура, знаменитости, реклама, креатив. Music, movie, geeks, celebrity, sport, architecture, advertisement, edutainment, education, entertainment"
http://www.laridon.fr,
https://www.guitar.co.uk/,
http://michaelkorscase.tumblr.com/,
http://becksmithhollywood.com/,
http://www.hauteinhabit.com,A New York City Fashion Blog by Lainy Hedaya [ Fashion | Beauty | Design ]
http://www.irsaindiana.org,Be sure to book your hotel by October 6th!  Our preferred rate will expire after that date. To make reservations: 800-209-8145 or
http://www.cronememorials.com,
http://ssandt.org/,
http://www.watchsupercopy.com,"Buy Hot Sale Swiss Rolex Replica Watches Online,Offer Cheap ‎Submariner Daytona Explorer Cellini Copy Watches,All 100% Quality Made in China."
http://hehdesigns.tumblr.com/,Freelance Illustrator & Stylist: Interviewing creative people whose work turns me on. To see more of my work go to: Website- hehdesignsny.com Insta- @hehyea Tweet- @hehdesigns
http://www.filmski.net,
http://yu14913.pixnet.net/blog,"服飾,鞋子,包包,內衣,襪子,項鍊,飾品."
http://lescarnetsdaurelia.com/,
http://www.trianglekiosk.com,See related links to what you are looking for.
http://articleshost.com/,【女時尚】讓女人知道如何寵愛自己，【女時尚】擁有姊妹淘最愛的髮妝美甲、肌膚保養、時尚彩妝及穿搭風格各種娛樂、婚姻、時尚、職場等精彩影音文章與網路媒體服務。
http://radiantglamor.com/,
http://www.baidu.com,
http://bameshi.com/,
http://world-of-pany.blogspot.com/,
http://gold110.jp/,ゴールド１１０番は貴金属・ブランド品・ジュエリーから各種リサイクル可能な商品をなんでも買取ります！地域No.1挑戦！業者価格で高価買取いたします。無料査定なのでお気軽にご来店ください。宅配買取・出張買取も受付中です。
http://www.noobj12fk.com,
http://www.yuepai.wang,"约拍网婚纱摄影儿童摄影团购汇集最优质的婚纱摄影儿童摄影影楼与工作室。找婚纱摄影儿童摄影就上约拍网,为您全程服务,100%品质保证,不满意无条件退款。婚纱摄影儿童摄影哪家好，尽在约拍网！"
http://god2016m.ru/,"Узнайте всё о следующем 2017 годе. Мы расскажем, символов какого животного станет 2017 год, а также поведаем о символах и цветах. Гороскоп на все 365 дней."
http://www.replicadictionary.com,"Rolex Lady-Datejust replica watch with yellow rolesor bracelet is made of 2236 caliber, automatic winding of mechanical movement that can save power. Yellow,Swiss Watches, Rolex, Panerai, IWC, Hublot, etc"
http://nonidesign.over-blog.com/,"Le Blog nonidesign est une plateforme ax&eacute;e sur les sujets du monde graphique, de l'image, du design et des arts num&eacute;riques."
http://www.shops-phone.com,
http://www.apurseforum.com,"The best prices on designer bags, handbags and accessories. Free Shipping! Louis Vuitton (LV), Hermes, Fendi, Alexander Wang, Alexander Mcqueen, Prada, Celine, Dior, MCM, Miu Miu, Michael Kors, Givenchy, Bally, Balenciaga, Bottega Veneta, Yves Saint Laurent (YSL), Christian Louboutin (CL), Tods, Stella McCartney, Roger Vivier, Ralph Lauren, Dolce & Gabbana, Chloe, Valentino, Moncler, and so on."
http://www.fashionenews.com,"Designer Handbags, Clutches, Totes, Wallets, Accessories, Louis Vuitton, Gucci, Hermes, Celine, Prada, BV, Dior, Balenciaga, Mulberry, Fendi, Givenchy handbags, wallets, luggage, Christian Louboutin shoes, boots, heels & wedges."
http://www.price-chanel.52watch.com,爱表网官网 
http://luxeglobal.com/,The Best Life Has to Offer!
https://www.filmreviewonline.com/,"Film Review covers both the best movies and hot tv shows. Our journalists bring you on set star interviews and reviews. PLUS Trailers, Clips and videos."
http://www.ckbabes.com,
http://www.zipe.fr,"Femme,Clutch Sacs,Femme,Cas de Téléphone,Homme We are a Femme Réduction en ligne avec Unisexe Avec des produits de qualité supérieure et un système de service à la clientèle sophistiquée."
http://www.sistime.ru,
http://www.zwxbar.com/,"z微信吧对各大微信号,公众文章进行整理并展示给你"
http://elmstrom.blogg.se/,
http://enlightenedage.blogspot.com/,
http://www.universalwristwatch.com,"Singapore Rolex,Rolex Singapore,singapore watch,Reliable watch seller,singapore Panerai,singapore Audemars Piguet Watch. The one stop location to buy, sell or trade your Tag Heuer,Rolex,IWC, Vacheron, Piaget,Zenith,Hublot,Panerai,Patek,Vacheron,A Lange and Sohne, Alain Silberstein, Audemars Piguet, Blancpain, Breguet, Franck Muller, JLC, Parmigiani, Patek Phillipe, Ulysse Nardin, Vacheron Constantin,Breitling, Cartier, Ebel, Omega,Baume & Mercier, Raymond Weil,Epos, Fortis, Movado, Oris and many more!"
http://www.trendingsale.com,Get price of any product from all online stores on just one click. The simplest and efficient search designed specially for smart shoppers 
http://www.arsip.forumbebas.com,
http://www.chupsanpham.com.vn,"Dịch vụ chụp ảnh sản phẩm , chụp ảnh quảng cáo , chụp ảnh thời trang chuyên nghiệp."
http://www.codedwap.ng/,"Nigeria's No. 1 Hotspot for Nigerian Music, Video, News and Entertainment News"
http://dontbalkbaseballshop.com/,
http://www.smelink.se,Funderar du på att köpa hemsida till ditt företag eller starta webshop? Vi ökar dina affärer genom smarta webblösningar och sökmotoroptimering.
https://premiertaxfree.cn/,Premier Tax Free 是全球最大购物退税服务公司之一。作为在全球29个国家运营，拥有30年行业经验的企业，我们致力为全球旅客提供最便捷，最可靠的购物退税与货币兑换服务。
http://www.thecooluxury.com,
http://www.philippebanks.com,"Shop Philippe Banks classic, slim and elegant watches for men and women. Discover the latest collection all handcrafted with high standards of perfection and passion for details. Luxury to a reasonable price."
https://digixstreamusa.com/,"Digixstream Media Boxes. Wholesale Pricing + FREE Shipping! Digixstream models DL4, DX4, DX4 Plus and accessories. Use Live Chat or Call us (442) 444-1776"
http://www.joyeriasaneloy.com,"Joyería San Eloy es una prestigiosa Casa de Alta Joyería y Relojes de lujo en Granada. Concesionario exclusivo oficial Rolex, Omega y Tudor en Granada."
http://www.santroxshop.com,"Santrox , Exclusive watches and luxury goods,the same conditions but at a better price!"
http://www.buy-8511.ir,"فروشگاه اینترنتی, خرید اینترنتی,خرید ارزان,فروشگاه ارزان,محصولات اصلی,فروشگاه با تخفیف زیاد,ارزان سرا,لوکس"
https://de5igner.myshopify.com/,"Shop our collection of Swiss Watches, complete with papers and manufacturer warranties. We specialise in brand new timepieces from reputable watch brands."
http://www.filmering.at,"Filmering.at - Filmmagazin mit aktuellen Filmkritiken, Film News, Kino Trailer, TV-Tipps, Bilder, Poster und einer Community mit Forum."
http://opera-kinbido.com/,福島県郡山市の「オペラ」by金美堂はセレクトジュエリー&ブランドウォッチ専門店です。ブライダルジュエリー、結婚指輪（マリッジリング）、婚約指輪（エンゲージリング）、時計、メガネなど数多くの商品を取り揃えております。
https://digiala.ir/,دیجی آلا ، سایتی برای مشاهده عکس ،مقایسه و خرید لباس و کالای مورد نظر شما - سایت خرید دیجی آلا
http://www.sveg.org.cn,上海电子信息职业教育集团
http://channel2.hitsale.net/,"Качествеенная копия элитных женских наручных швейцарских часов Chanel, бельгийская сборка, швейцарский механизм."
http://www.chanel--outlet.com,Chanel Outlet. Chanel Replica Holiday Gift Ideas. Shop Sale On Replica Chanel. Fake Chanel Buy. Cheap Outlet Prices. Valentine's Day Gifts. More authentic and outlet products at replicachanel.com.
http://www.trc.vg,TELECOMMUNICATIONS REGULATORY COMMISSION (TRC) VIRGIN ISLANDS
http://www.chanel1.best-gooods.ru,"Качествеенная копия элитных женских наручных швейцарских часов Chanel, бельгийская сборка, швейцарский механизм."
http://festivalofflavour.com.au/,
http://www.bjr027.com,"北级素材网为您收集最美的美女图片,性感美女写真,袜长腿美女写真,日本,韩国美女写真,美女写真图片,清纯美女写真,明星写真等,高质量的美女图片,看美女就上去看图片网"
http://www.croatia-stuttgart.de,
http://www.planbet.es,
http://elenka.ru/,
http://www.thestchristopherschool.co.uk,
http://www.1designfree.com,
https://carnabysjewellers.co.uk/,"New & Pre-Owed Luxury Jewellery Retailer. Designer Watches, Bracelets, Rings. Breitling, Cartier, Chanel, Gucci, Omega, Rolex, Tag Heuer."
http://javanmedia.ir/,جدیدترین کلیپ ها و ویدیوها و فیلم های ایرانی و خارجی در اینترنت .
https://papote.net/,L'oeil aux aguets de jeunes journalistes (presque) à la page
http://www.film.it,"Notizie sempre aggiornate su cinema e televisione: film in sala, cercacinema, trailer, recensioni e interviste, telefilm e serie tv, video streaming, notizie e gossip su star, attori e attrici"
http://www.879wr.com,"Replica watches, watches Rolex GMT Master, replica watches Breitling Bentley, replica watches online shop, buy fake Gucci watches, ladies vintage Patek Philippe watches, watches Longines Sport Chief, Franck Muller replica watches, fake watches shipping to USA, Longines Master collection watches"
http://online.abacus.coop/ca/,Abacus Cooperativa botiga online de productes i serveis culturals i educatius per a l'entorn familiar i la societat en general
http://alerttrainers.com/,Just another WordPress site
http://eleanor1011.pixnet.net/blog,P.S.我不是仙后
http://www.jvnan.com,【聚男网】致力于做男士时尚、品味及健康第一的门户资讯站。我们每天第一时间与您分享最新时尚男装、男性健康、男士潮流发型以及各类男士们关注的新闻资讯。
http://www.supa-kopi-cartier.com,
http://www.nasimvideo.ir,
http://www.masterenfilosofia.com/,
http://kairosstore.com/wp/,
http://www.shopsearchs.com,"ブランド腕時計 激安ブランド時計 ブランドコピー,ブランド財布激安,ブランド激安コピー,ブランド激安市場,N品 S品,ルイヴィトン 財布 新作,エルメス 財布 激安,激安 ブランド 腕時計"
http://www.thecccinc.org,"CCC, Inc.: "
https://lahummatbayli.com/,
http://www.exspace.pl,Exspace | Fair+Design+Installation. Kompendium wiedzy na tematy związane z szeroko pojętą branżą wystawienniczą.
http://www.racketlon.at,
http://nexfilm.ir/,ویدیوهای جذاب ، دیدنی و کلیپ های داغ اینترنت را در نکس فیلم مشاهده نمایید .
http://wer3414.pixnet.net/blog,歡迎光臨wer3414在痞客邦的小天地
http://www.situartes.es,"Galería de arte online donde descubrir pinturas de los más importantes pintores salmantinos, y descubrir la oferta cultural de Salamanca en eventos y exposiciones."
http://www.scubafroggy.fr,"Outlet Online chanel sac pas cher Nous vendons la qualité pas cher et de haute,reçoit l'amour de plus en plus de gens."
http://www.rahatkharid.ir,"فروشگاه اینترنتی,خرید اینترنتی,خرید, فروشگاه, فروش اینترنتی,فروشگاه اینترنتی راحت خرید,فروشگاه اینترنتی راحت خرید"
http://www.tylerchoi8.mall.yorkbbs.ca,
http://nicolelmedia.blogspot.com/,
http://anhnghethuathanoi.blogspot.com/,
http://www.interviewrussia.ru,
https://www.facebook.com/,"Create an account or log into Facebook. Connect with friends, family and other people you know. Share photos and videos, send messages and get updates."
http://www.thamgia.net,"thamgia.net - Mạng chia sẻ sự kiện, hội thảo, khóa đào tạo, triển lãm, khai trương và sự kiện cộng đồng khác diễn ra tại các thành phố lớn. Hòa mạng tham gia, mở ra cơ hội."
http://afzone.blog.ir/,
http://bestseller.in.ua/,Качественные копии швейцарских часов и аксессуаров по минимальным ценам в Украине
https://bevalenteoficial.wordpress.com/,
http://www.luotuohuwai.org,
http://www.vntourism.cn,
http://www.mvnvh.com,乐通娱乐118官网线上娱乐的游戏和品质是广大玩家有目共睹的，乐通娱乐118官网线上娱乐为客户提供最安全的娱乐平台和贴心的游戏服务，提供玩家一个开心愉悦的心情娱乐。
http://www.jyhhdp.com/defull.php,亚洲城在线娱乐城你会喜欢的娱乐网站，免费无限空间，www.yzc88.com玩你想要的，yzc888亚洲城官网收藏你喜欢的游戏，亚洲城88热爱原创，每个人都是生活的导演，让你的生活更精彩。
http://www.mydarlinglife.com,
https://www.cchere.com/,
http://www.kiemtoan.com.vn,"Kiểm toán, kế toán chuyên sâu | Kiemtoan.com.vn"
http://www.debajodelreloj.com,"Blog sobre el mundo de los relojes, Marcas, Relojeros. Modelos más importantes, de las principales casas relojeras de todas las partes del mundo.,Blog sobre el mundo de los relojes, Marcas, Relojeros. Modelos más importantes, de las principales casas relojeras de todas las partes del mundo."
http://www.trajly.cz,"Vítejte na webové prezentaci projektu Trajly.cz. Celé je to o bajkování a sportu obecně. Moto projektu: ""Where there´s a will there´s a way"". Když máš vůly, máš i cestu!"
http://www.zijin.mall.yorkbbs.ca,
http://www.nuangnuang.com/,
http://ika-mode.pinger.pl,"ika-mode - Zobacz blog, którego właścicielem jest użytkownik ika-mode, a którego wpisy możesz przeczytać pod adresem ika-mode.pinger.pl w platformie blogowej pinger.pl"
http://www.tedxmontevideo.org,TEDxMontevideo
http://www.xikili.com,
http://monicatlmh03.pixnet.net/blog,尤寶星
http://www.orologisvizzeri.com,
https://tomucho.com/,トムチョとは、英会話とスペイン語会話の個人レッスンを行う外国人講師の日本語ブログです。マンツーマンの英会話カフェを中心に、スペイン語や英語をカフェにてプライベートレッスンをしています。海外各国の通販から購入できる人気でランキングが高いおすすめのお土産やプレゼントを紹介しています。
http://blog.fc2.com/,"FC2 Blog is Free and Easy! Save up to 10GB of image files. 
Create albums and use blog parts, widgets and thousands of template designs. Affiliate blogs and commercial blogs also allowed."
http://interbag.com.ua/,"Контактная информация, товары и услуги компании ""Интернет-магазин ""InterBag"""""
http://aj12watch.com/,"CHANEL J12 SHOP provides Swiss Grade A quality Chanel J12 Ceramic Replica watches, Free US Shipping!"
http://robotclass.ru/,Уроки и курсы на Ардуино и Raspberry Pi. Статьи по электронике и робототехнике. Учебный портал хакспейса MakeItLab. Магазин деталей и запчастей для роботов.
http://supershoppingmaster.blogspot.com/,
http://www.chanel-stok.ru,"Качествеенная копия элитных женских наручных швейцарских часов Chanel, бельгийская сборка, швейцарский механизм."
http://thedarlingdetails.blogspot.com/,
http://top-optom.ru/,"Хиты продаж тут! Весь товар в наличии в Санкт-Петербурге. Огромный ассортимент популярных товаров. Условия выгоднее, чем в CPA. Опт всего от 10 штук! Доставка."
https://www.lofficiel.vn/,"L'Officiel mang đến những thông tin về thời trang, làm đẹp, trang sức, phong cách sống, các nhân vật nổi tiếng, tin tức thời trang và các bộ sưu tập mới nhất."
http://www.stilvagoon.com,
http://www.boswellmonuments.com,
http://arcashop.ir/,"خرید پستی,خرید اینترنتی ساعت,خرید ارزان ساعت,خرید نقدی ساعت,خرید وسایل کودک,وسایل بازی کودک,خرید پستی عینک,خرید اینترنتی عینک,خرید وسایل آرایشی,خرید وسایل جانبی موبایل,"
http://www.playen3.indexbuzz.net,"Create a free blog. Welcome to our community of bloggers. Creating easy, simple and fast tools to promote your blog."
http://www.lkbkspro.eiger-agency.lookbooks.me,
http://www.prosupportsystems.com,"Pro Support Systems manufacturers, distributes and fits working professionals with the finest orthotics available."
http://www.watchesforwomen.co.uk,See related links to what you are looking for.
http://www.copy59.com,"信頼できるシャネル コピー激安老舗です。高品質シャネル 財布 コピーをはじめ,いろいろなブランド コピー シャネル,最新デザインのスーパーコピー シャネルを提供しています。装飾と実用を兼ねるブランド シャネ ルバッグ コピーがほしいなら,もちろん当店のシャネル ブランド コピー専門店を選びます。"
http://homeminimalis.com/,Home Interior Ideas Living Room - Welcome to my site. i would like to show you an11000 images about Home Interior Ideas Living Room with title Home Interior
http://www.swisswatchesreviews.com,
http://www.zjahhj.com,"奥运会投注官网致力于打造全网最便捷,最给力网投品牌,网上投注奥运会足彩赔率高,最新投注攻略,精彩绝无仅有！给力史无前例！"
http://www.watchespedia.com,Latest News for Swiss Watches and Watchmakers and Articles detailing master craftsmanship on Luxury Swiss Watches catered for women
http://www.houmania.com,"Art and Creative Director with extensive design expertise in traditional and interactive spaces. Effective collaborator in achieving strategic business KPIs and engaging audiences. Expert in applying creative fundamentals of graphic design, branding, typography, interactive online advertising, web design, product development and integrated marketing solutions that propel conceptually driven strategies to success."
http://www.hkeasychat.com,香港第一交友討論區HkEasyChat香港易聊：香港online交友論壇，交友討論區，手機交友，並提供綜合資訊，hk交友網站平台娛樂網，一個香港只得一個香港交友討論區 
http://www.0202003.com,"广州市飞远绿色板业有限公司www.0202003.com主要生产PVC发泡板，PVC共挤发泡板,PVC结皮发泡板，PVC汽车(内)装饰板，PVC汽车覆膜板，PVC橱柜卫浴板，PVC广告丝印板, PVC安迪发泡板,PVC雪弗发泡板, 是一种新型的绿色环保板材，电话：020-82300195， 13380039415林小姐，13380039465王经理."
http://channel2.shopsale.pro/,"Качествеенная копия элитных женских наручных швейцарских часов Chanel, бельгийская сборка, швейцарский механизм."
http://smartshopity.co.uk/,"Smart shop is a great source for you. If you looking for gifts or if you just looking for the best prices, the smartshopity.co.uk is a right place for you."
http://www.imoyo.com.cn,么柚智创(IMOYO)的品牌宗旨是帮助客户从容融入移动互联网时代。我们提供专业的企业级商业应用APP一整套移动互联网解决方案及联合运营服务；服务涉及到基于IOS和Android、WP等系统的从咨询策划、应用设计、交互设计到系统开发、营销推广、运维维护；业务行业包含如展会互动、城市宣传、企业/商品展示、新媒体/电子杂志、学校/教育、医疗、娱乐游戏、移动电商、LBS社交等类型的APP
http://www.worldscreen.com.tw,"世界電影雜誌 World SCREEN, http://www.worldscreen.com.tw/ , 電影, 電影介紹, 電影時刻, 電影院, 明星介紹, 影評, DVD, 電影雜誌, 戲院時間表, 電影排行榜, 電影票房, 台灣票房, 全美票房"
http://www.caronmemorial.com,
http://ballerwatches.com/,
http://4star.niloblog.com/,"سایت خرید زیورآلات،عینک آفتابی - خرید ساعت مچی,خرید دستبند,خرید انگشتر,جدید ترین مدل سرویس زیورآلات,جدید ترین مدل های عینک آفتابی - سایت خرید زیورآلات،عینک آفتابی"
http://www.wealthisme.com,WealthIsMe Blog - Your home of Luxury brands. Discover a wealth of top luxury brands lists from health nature business filled blog content. Luxury brands...
http://www.art-quest.ru,
http://www.semadihuancayo.com,"Cetpro huancayo, Encuéntrenos en el Jr. Ricardo palma Nº 1040. El tambo – Huancayo o llámenos al 24 77 96"
http://hdwon.com/,
http://agreellen.pixnet.net/blog,歡迎光臨agreellen在痞客邦的小天地
http://www.easy2dial.in/,
http://www.watchesuser.com,"1:1 replica watches for men and women on Watchesuser. Rolex replica, fake swiss watches or Breitling replica watches on the best replica site."
http://xn--80a8aqs.xn--80aoh.xn--b1amgoeo.com/,"Купить Часы – выбор лучшего, поиск, сравнение, цены на Часы. Можно купить недорого. - Казахстан"
http://www.crocuscitymall.ru/news/, - ТЦ Крокус Сити Молл. Тел. +7 (495) 727-24-24.
http://www.luxuryauthentichandbags.eu/,
http://musicca.men/,
http://www.bagll.net,ブランド偽物、ブランドコピー、ブランド偽者、人気ブランド、ルイヴィトン偽物、シャネル偽物、グッチ偽物、エルメス偽物、クロエ偽物、ブラダ偽物、D＆G偽物、バレンシアガ偽物、ボッテガ・ヴェネタ偽物の人気ブランドのバッグ、財布、時計の販売、通販。買取任意ファッションブランド送料無料。
http://akimoto-rie.blogspot.com/,
http://www.ictf2016.ieice-europe.org,IEICE Information and Communication Technology Forum 2016
http://1001dicas.net/,
http://www.xjywx.com,本站提供伤感句子、唯美的句子、微小说、祝福短信、名人格言、人生格言、经典笑话、个性签名、爱情语录、谚语大全、歇后语、对联大全、网络流行语、诗词名句、打造一句一经典的分享平台
http://ibieshop2.blogspot.com/,"jam tangan grosir, murah dan berkualitas silahkan hub Ibie Shop 085720291843 adalah toko online yang menyediakan kebutuhan fashion seperti arloji,rajutan,aksesoris,tas,kerudung,gelang gelang "
http://pinkribbonbreakfast.at/,Jetzt organisieren & Brustkrebspatientinnen unterstützen
http://www.ouxiangpai.com,"中国偶像派-网罗让帅哥美女尖叫的娱乐圈时尚美容资讯．创造中国时尚男性女性偶像时代.是服务于中国女性的时尚网站,融时尚奢华,娱乐明星,潮流服饰,美容护肤,瘦身美体,生活情感,互动交流等时尚资讯"
http://www.gugo.info,
http://claxfactor.blogspot.com/,
http://www.handbagshows.site,"Cheap Luggage & Bags, Shoulder Bags, Totes, Shell, as well as Cheap and more! Louis Vuitton, Herems, Gucci, Prada And More Brands - Women, Men Bags, Wallets,Travel, Shoes Sale, Free Shipping Worldwide!"
http://copykate.blogspot.com/,
http://ceasuri.shop/,Ceasuri.shop | Ceasuri de mana originale
http://www.usnavycrew.com,Head Quarters for Rockstar Social Club US NAVY themed Crews playing Grand Theft Auto Five GTAV online
http://www.sunwardflag.com,"SunWardflag provide various kind of custom,design,appliqued,military,usa,commercial advertising,personalized,printed,property,indoor presentation,banner"
http://luxgroupltd.ru/,
http://www.wishesjewelry.net,"The world of high jewelery is based on a one-time part: a special stone and exquisite design that will never be repeated. Very surprised how you rarely see some,Quality Harry Winston Jewelry Online"
http://www.ouietconsequences.fr,Rolex Montres Pas Cher-Tag Heuer Montres en solde-Breitling Montres Vente-Louis Vuitton Montres-Longines Montres -Chronoswiss Montres-Panerai Montres -ETA movement Montres-Vacheron Constantin Montres -Hermes Montres-Chronoswiss Montres-Rado Montres.
http://www.kulthit.de,"Lese Filmkritiken, schaue Trailer und check das Kinoprogramm."
http://blakfacts.blogspot.com/,
http://www.bestwatchesdeals.co,Luxury Watches for less ! Wide selection of Luxury Watches and Accessories.
http://thepoolscene.com/,The Pool Scene - Hitting Balls into the Rail - One Shot at a Time
http://www.dbhr.bid,◆高品質の高級オーダーカーテン＆ローマンシェード 通販 激安◆遮光 防音 遮音 シャワー カーテン カフェ カーテンが豊富な品 サイズ。カーテン送料無料アスワン オーセンス ミュルーズ染織美術館 B4126 B4127 B4128 ハイグレード縫製約2倍ヒダ
http://www.gmt2013.com,こちらはブランドコピー 代引きのブランド スーパーコピー専門店です。主に韓国 ブランド コピー、ブランドコピー激安、ブランドコピー 代引きを取り扱っております。「gmt2013.com」は韓国ブランド スーパーコピー、ブランド コピー 代引き信頼できるブランド コピー 代引き 信用ブランド スーパーコピー専門店です.
https://vintagevicar22.wordpress.com/,
http://www.ebay.com,"Buy and sell electronics, cars, fashion apparel, collectibles, sporting goods, digital cameras, baby items, coupons, and everything else on eBay, the world's online marketplace"
http://www.009520.com,"高仿表网几千款世界名表精仿表品质一流 全国开箱验货再付款 包邮费 免费保修二年服务精仿表仿手表,各种男士手表,女士手表表,机械手表,更多款式由您挑选，表里挑一"
http://www.waltzingm.com,
http://kafgroup.se/,Kaf Group
http://mylino.ir/,"فروشگاه اینترنتی مایلینو , ارزان ترین فروشگاه خرید محصولات اینترنتی با کیفیت بالا"
http://www.bagnopiero.it,
http://xca351.pixnet.net/blog,也不要責怪愛情。你能埋怨的也許只能是時間
http://www.zhhbds.com,
http://www.pellegrin-et-fils.com,"Joaillier des passions àMarseille et Aix-en-Provence.  Maison  transmise de père en fils, depuis 1840.  Artisan du Luxe. Atelier Maison. Une signature qui compte en France."
https://www.ccthere.com/,
http://www.flowers.cheerclassics.com,
http://www.lofficielmalaysia.com,"Be it fashion, beauty, jewellery or lifestyle, L'Officiel Malaysia sets itself apart as one of the authoritative voices that brings a different take to everything we see and do."
http://www.ictf2015.ieice-europe.org,IEICE Information and Communication Technology Forum 2015
https://www.weilai178.com/,
http://www.icon-icon.fr/fr,"Icon-Icon - Objects of Desire,Icon-Icon.com est un site d’actualités et d’informations sur les objets icônes et des objets de désir dans l'univers de la mode et du luxe."
https://www.spielegasse.de/,Brettspiele kaufen im OnlineShop der Spielegasse - Informieren Sie sich jetzt über neue Gesellschaftsspiele und bestellen direkt im Brettspiele Shop.
https://achicdirection.com/,
http://www.embassy.ch/en/home/,"From world-famous brands to master watchmakers' one-offs: Embassy’s amazing collection of fine timepieces, jewellery, antiques & premier service"
http://www.lifestyleagent.nl,
http://kristenfilm.com/,"Kristenfilm.com er en webside med fokus på film som har med religion å gjøre, med hovedfokus på kristendom og kristen film."
http://www.kompas4.ru,
http://www.rossettoeguai.it,un blog di moda e non solo...
http://www.1chanel.2015brend.ru,"Chanel - женские кварцевые часы, с восхитительным дизайном и вечным японским механизмом!"
http://www.nacd.co.uk,NACD description
https://cacheepr.wordpress.com/,Just another WordPress.com site
http://dcscam.com/,
https://www.stefanie-stoelting.de/,Webdesign und Softwareentwicklung von Stefanie Janine Stölting
http://www.thegioicauca.com,"Thegioicauca.com là một website cộng đồng cùng chung một niềm đam mê câu cá,Thegioicauca.com l� một website cộng đồng c�ng chung một niềm đam m� c�u c�"
http://thelibrarygroup.be/,"Welcome to The Library, new concept of Coworking and Offices in Brussels - Coworking Brussels - Private Offices Brussels - Meeting Rooms Brussels"
http://reluxe.ca/,"We are an award-winning, internationally acclaimed magazine based in Toronto that embodies the spirit of fine living, for the true luxury cognoscenti."
http://xn--80aalbng9atkk.xn--p1ai/,"Официальный сайт газеты «Растдзинад». Главный редактор: Битарова Марина  · Email:  rastdzinad@mail.ru, Телефон: +7(8672)25-96-36, Читать газету Растдзинад"
http://www.backstagetales.com,Backstage Tales
http://www.dandasmetals.mall.yorkbbs.ca,
http://parentpreviews.com/,"Find family movies, movies for kids and know what movies may have too much violence, sex and profanity at Parent Previews."
http://www.cheapchanelsale2015.com,Chanel Bags. Cheap Chanel Sale. For authentic CHANEL go to Chanel.com.
http://fashionbrand.org/,Find information on where and for how much you can buy apparel online.
http://hollfelder.de/,
http://www.chaneltokeikaitori.com,
https://www.innateskin.com/,"Innate Skin develops and markets natural products for exceptional skin in men and women, with a focus on healing the skin from the inside."
http://melnandutmacammanalagi.blogspot.com/,
http://www.xayxbj.com/default.php,
http://blog.fc2.com/,"FC2 Blog is Free and Easy! Save up to 10GB of image files. 
Create albums and use blog parts, widgets and thousands of template designs. Affiliate blogs and commercial blogs also allowed."
http://uhren-swiss-rolex-daytona-hot.blogspot.com/,
http://www.luxshery.com,為你發掘生活中有關奢華與創意的人和事，提供大量涉獵珠寶、腕錶、時裝、餐飲、設計及藝術等不同領域的新鮮資訊，報道社交名人的時尚熱話，全面打造有態度有趣味的靈感生活。
http://www.so-copy.com,スーパーコピー時計専門店、スーパーコピーブランドコピーN級品激安通販!弊社は人気のスーパーコピーブランド、ブランドコピー時計、ロレックス、エルメス、ルイヴィトン等一流ブランドのスーパーコピーN級品激安通販優良専門店です.スーパーコピーブランドN級品は全て最高な材料と優れた技術で造られて、正規品と比べて、品質が無差別です!
http://www.xintuosc.com,积分兑换平台
http://www.copy016.com,"信頼できるシャネル コピー激安老舗です。高品質シャネル 財布 コピーをはじめ,いろいろなブランド コピー シャネル,最新デザインのスーパーコピー シャネルを提供しています。装飾と実用を兼ねるブランド シャネ ルバッグ コピーがほしいなら,もちろん当店のシャネル ブランド コピー専門店を選びます。"
http://www.lexingtongraniteco.com,
http://www.xn--22cej8ezaasjc5ef5fgbb5bycxovcjo.com,"ขายบุหรี่ไฟฟ้าราคาส่ง.com - Index,ขายบุหรี่ไฟฟ้าราคาส่ง.com - Index"
http://fullhd-roliki.ru/,"Скачать FullHD ролики высокого качества для тестирования телевизора, монитора."
http://infos-75.com,"Infos-75 - culture, sports, loisirs, autos-motos et bon plans du quotidien - le premier magazine gratuit né il y a 30 ans revient sur le Web"
http://www.gapwet.xyz,送料無料腕時計　クロックomax orologio da donna uomo quarzo oro marrone metallo pelle analogo
http://www.bluray-disc.de,"BLU-RAY TOTAL - Deutschlands größtes Blu-ray Portal: Filme, Forum, Shop, News, Trailer, Charts, Player, Recorder, Brenner, PS3 Spiele, Software, Trends (Blue-Ray)"
http://projetoempreendedor.com/,
http://www.rb-triangle.sakura.ne.jp,
https://slashitmag.com/,SLASH IT MAG / PARIS
http://www.wwwm.com.tw,鐘錶業界第一手腕錶新聞、品牌話題，最齊全的手錶功能介紹和腕錶百科，機械錶機芯評測，線上找錶功能，提供瑞士錶、名錶交流討論平台，世界腕錶與您分享腕間時計大小事。
http://cinemerida.blogspot.com/,
http://www.fashionwatchesshop.eu,"Watches Rolex, fake watches Omega Seamaster, watches IWC portuguese gmt, buy watches Rolex, watches Rolex Air King, Muller watches for sale, best replica Rolex online, Tag Heuer watches sale USA, buy Rolex watches UK, Rolex lady Datejust 31 review"
https://fanaticsworldwide.com/,"Fanatics Worldwide sells officially licensed flags, banners, emblems, decals, hitch covers, BBQ sets, sunglasses, money clips, cups, mugs, jewelry, key chains"
http://www.spzswang.com,奢侈品招商网是一个奢侈品牌招商门户网站，包含奢侈品牌排行榜，奢侈品牌招商、奢侈品牌等内容，为奢侈品爱好者提供奢侈品牌排行榜，奢侈品牌招商等交流平台。
http://www.shopmenow.blogsky.com,فروشگاه ارزانی - فروشگاه ارزانی دارای محصولات جذاب و ارزان البته با کیفیت می باشد.
http://www.labutaca.net,"Estrenos de cine, críticas, trailers, imágenes y noticias de películas"
http://www.hnpcorp.net,
http://nostime.com/main/main.do,
http://www.sandau.edu.cn,
http://www.chanelsonlineshop.de,"Herzlich willkommen in unserem Chanel Online-Shop . Wir verkaufen Chanel taschen,chanel schuhe,chanel gürtel. Schnelle Lieferung, 100% Garantie-Qualität!"
http://know-it-ebog.dk/,
http://www.gallaghermonuments.com,
http://www.gabris.eoldal.hu,
http://www.daytonarolex.top,"Browse rolex watches such as rolex cosmograph daytona,rolex datejust,rolex day date ii,rolex deepsea,rolex explorer and so on."
http://lombard-premium.com.ua/,"Часовий ломбард Преміум надає послуги кредитування під заставу швейцарських годинників та телефонів Верту, а також пропонує придбати статусні товари."
http://www.louisvuittonreplicabag.com,"Order for replica handbag and replica Louis Vuitton shoes of most luxurious designers. Sellers of replica Louis Vuitton belts, replica Louis Vuitton bags, Store for replica Louis Vuitton hats. Sold replica Louis Vuitton sunglasses, replica purses."
http://www.swiss-luxe24.ru,Распродажа часов по всей России! Скидка 70% на весь каталог! На вторые часы скидка 1000 руб! Успейте купить!
http://fyndson.se/,Fyndson
http://www.parkciftlik.com,park ciftlik sitesi
http://ovum.org.pl/,
http://www.monpetitvendome.fr,"Découvrez l'actualité de la Joaillerie et les dernières tendances Bijoux, Bagues, Bracelets, Colliers et montres."
http://kalashop.niloblog.com/,kalashop-
http://www.cineclub.de,"Kinoportal mit Filmkritiken, News, Synchronsprechern und TV-Highlights. Moonlight, Lion: Der lange Weg nach Hause, Timm Thaler, Split."
http://www.dicasdefilmes.com.br,"Dicas de Filmes 2016 Lançamentos do Cinema Nacional e Mundial Para assistir online e baixar (download), sinopses, trailers e comentários do filme."
https://www.kinbido.info/,シャネルの時計をお探しなら正規取扱店のOPERAへ。ブランドウォッチ多数取り揃えています。
http://www.m.ddtfsb.com/default.php,注册送体验金ELLE中国高端女性门户，全方位解读最新的时装趋势，免费注册送体验金68时尚搭配，时装秀，女性时尚网站，世界时装之苑，开户送体验金ELLE中国提供最专业的美容指南，剖析最热门的明星事件，倡导最健康的生活品质，分享最感人的情感故事，着力打造全新潮流女性高端门户。
http://ujh51jz16a.pixnet.net/blog,新進商店
http://vloggest.com/,
http://www.customjewelrymare.com,アフターダイヤ・メッキコーティングなどのアフターカスタム専門店です。
http://www.mdh-vip.com,摩登汇官方网站为您提供卡地亚蓝气球、N厂劳力士水鬼、ZF万国七日链，精仿7年诚信经营，上万客户好评！选购N厂劳力士水鬼、ZF万国七日链、卡地亚蓝气球就来摩登汇，期待您的到来。
http://www.pinky-st.skr.jp,
http://barpaly.com/,Welcome to the Official Website of Bar Paly.
http://www.paulineferrari.com,
http://www.zaloro.com,"Free mp3 music search & Video download. Top artists, Movie, TV Show, book and hit music free for download."
http://bdalbum.com/,"Free Download Bangla Mp3 Song Album, Bangla Videos, Natoks, Bangla TV Shows and Best collection of Bangladeshi musics for free and directly from BDalbum.com"
http://www.teafor.xyz,
https://homegallerystores.com/,"Shop our large inventory of furniture and home decor - for bedrooms, dining rooms, living rooms, home office, entertainment rooms and more at Home Gallery Stores."
http://www.davids-deco.com,
http://www.bursamusik.dfakemp3.com,"Find Cash Advance, Debt Consolidation and more at Dfakemp3.com. Get the best of Insurance or Free Credit Report, browse our section on Cell Phones or learn about Life Insurance. Dfakemp3.com is the site for Cash Advance."
https://gpdingunut.wordpress.com/,You Ask We Answer You Reluctant We Glad We Fix Your Complaint You Ask We Give
http://www.embroiderybella.com,
https://gift5star.com/,"a gift in wide range. the best hand picked just for you including laptops, watches, smartphones, tablets, handbags, wallets, parfums, and more. browse today"
http://www.niwotashow.com,"你我他秀提供2016年最流行的服装服饰搭配、最新发型、减肥方法和衣服的穿配法等技巧大全与2016流行什么发型、服装等时尚美容资讯,爱美美眉想学习变漂亮就请关注你我他秀时尚网!"
http://hairstyleday.blogspot.com.ng/, Hairstyle Day A picture blog of different hairstyle Day and braids for super long hair
http://mapeli.com/,
http://www.1stcopychanelflapbags.com,"CHANEL Online Shop. Wholesale and Retail Outlet. Cheap Discount Store Prices. Handbags, Watches And Jewelry. For authentic CHANEL go to Chanel.com."
http://kanaja.in/,
http://www.shopjpk7.com,"スーパーコピー時計随時更新_ShOpjPk7.日本で最も信頼できるスーパーコピー商品の専売店は、ブランドコピーバッグ品質第一、購入するスーパーコピー時計の最良の選択、「15%OFF,開業8年 安心の老舗」、すべてのブランドコピー商品品質保証2年."
http://www.tos.shabri.ru,
http://www.luxurystation.vn,luxury watch
http://psimovie.com/,
http://www.xzsbzx.com/defull.php,<strong>www.29118.com</strong>
http://joseweb.webr.ly/,Digital french retouch  free art graphique photomontage retouche d'images 
http://www.gzmb99.com,"广州名表回收,广州手表回收,广州劳力士回收,广州卡地亚回收"
http://www.japex.ru,"Japex.ru - аукцион Yahoo. Japex.ru помогает покупать товары на аукционе Yahoo и в японских интернет магазинах. Осуществляем доставку из Японии в Россию, Белоруссию, Казахстан, Украину и в другие страны."
http://hittovar24.blizko.ru/,"Осуществляем продажу широкого спектра товаров формата “Магазин на диване”: интимные товары, товары для похудения, сувениры, подарки, электроника, украшения и многое другое. Работаем по России и Казахстану. Ознакомьтесь с продукцией и сделайте заказ. "
http://www.hangaysaat.com,Hangay Saat
http://catwalkkitty.blogspot.com/,
http://www.topthingz.com,"Find About The Most Amazing Top Ten List, Top Ten Things List in The World, We try to choose all Latest information about Technology, Fashion, Animals, Science,"
http://www.harpersbazaar.pl,"Harper’s Bazaar inspiruje, wskazując najważniejsze trendy. To szyty na miarę inteligentny serwis o modzie, urodzie i kulturze dla nowoczesnej kobiety."
https://www.luxurymarkets.com/,"defaced , hacked , massed , hacked  NorilaClasse "
http://rossmanning.com/,
http://www.europa-gold-paris.com,"Europa gold paris, société spécialisée dans le rachat des matières précieuses et des montres de luxes. Europa Gold vous rachète votre or, vos bijoux et montres en fonction de leurs meilleurs prix et de leurs positionnements sur les marchés des matières précieuses en bourse."
http://www.freakcart.com,"The latest collections of dresses,footwears and accessories for all men, women and kids including plus-size beauty."
http://www.begmarkq.cf,コルク 160ローボードローボード テレビ台 テレビボード ローボード ロータイプ AVボード TV台 TVボード テレビラック 北欧 木製  木目。送料無料ローボードテレビ台 テレビボード ローボード ロータイプ AVボード TV台 TVボード テレビラック 北欧 木製  木目
http://wer3413.pixnet.net/blog,歡迎光臨wer3413在痞客邦的小天地
http://wefs125.pixnet.net/blog,"chanel,cocochanel,chanel香水,chanel香奈兒,chanel香奈兒中文官方網站,chanel香水,chanel皮包,chanel香奈兒中文官方網站化妝品,chanelj12,chane1包包(1,2,3的1),chanel包包,chanel名牌包包目錄,chanel官方  香奈兒中文官方網站 - Chane1包包 - Chanel j12手錶 - Chanel目錄 - 香奈兒時尚購物中心"
http://www.timezite.com,
http://www.rodlme.com,
http://www.goud-smederij.nl,Welkom bij Goudsmederij/Juwelier Arnold van Dodewaard. Wij maken handgemaakte sieraden in ons eigen atelier. Ook ontwerpen wij unieke sieraden.
http://www.bagfashionews.com,"Luxury fashion clothing, shoes, handbags and accessories, Cheap Designer Louis Vuitton, Gucci, Hermes, Celine, Prada, BV, Dior, Balenciaga, Mulberry, Fendi, Givenchy handbags, wallets, luggage, Christian Louboutin shoes, boots."
http://www.myembroideryfree.com,
http://www.rolexwatchesforsale.top,"Buy replica rolex watches such as rolex daytona watches,milgauss,datejust,datejust ii,explorer,explorer ii and so on."
http://sikashop.ir/,"خرید پستی ساعت,خرید آنلاین عطر,خرید لوازم آرایشی خرید کیف و کفش ,خرید اینترنتی عینک مردانه و زنانه"
http://kalaashop.javanblog.ir/,ارزان بخرید - ارزان خرید کنید 
http://www.m.imaginea.info,"Imaginea.info iti spune totul despre moda, tendinte 2014-2015, coafuri si tunsori moderne, frumusete si sanatate, decoruri pentru casa ta, idei de machiaj si manichiura!"
http://sfanytime.com/sv-SE/,
http://www.ddtfsb.com/default.php,注册送体验金ELLE中国高端女性门户，全方位解读最新的时装趋势，免费注册送体验金68时尚搭配，时装秀，女性时尚网站，世界时装之苑，开户送体验金ELLE中国提供最专业的美容指南，剖析最热门的明星事件，倡导最健康的生活品质，分享最感人的情感故事，着力打造全新潮流女性高端门户。
http://www.zbkb.com,国内最专业珠宝资讯网站，查询最新翡翠、蜜蜡、南红玛瑙、和田玉、红珊瑚、水晶、红蓝宝等珠宝的价格、实时热点。珠宝行业最权威资讯网站!
